example_input,example_output
"Ciclo Christmas Musical Madness! Sonrisas y Lágrimas (4K) The Sound of Music Robert Wise, 1965. Int: Julie Andrews, Christopher Plummer, Eleanor Parker USA · VOSE · 4K · 172' Martes 31/12 12:00","[{""cinema"": ""phenomena"", ""title"": ""Sonrisas y Lágrimas (4K)"", ""original_title"": ""The Sound of Music"", ""director"": ""Robert Wise"", ""year_of_release"": 1965, ""screening_date"": ""2024-12-31"", ""screening_time"": ""12:00"", ""language"": ""VOSE"", ""price"": null, ""cast"": [""Julie Andrews"", ""Christopher Plummer"", ""Eleanor Parker""]}]"
"Stalker Stalker Andrei Tarkovski, 1979. Int: Aleksandr Kaidanovsky, Anatoly Solonitsyn, Nikolai Grinko URSS · VOSE · 161' Jueves 09/01 21:35","[{""cinema"": “phenomena"", ""title"": ""Stalker"", ""original_title"": ""Stalker"", ""director"": ""Andrei Tarkovski"", ""year_of_release"": 1979, ""screening_date"": ""2025-01-09"", ""screening_time"": ""21:35"", ""language"": ""VOSE"", ""price"": null, ""cast"": [""Aleksandr Kaidanovsky"", ""Anatoly Solonitsyn"", ""Nikolai Grinko""]}]"
"Taxi Driver (4K) Taxi Driver Martin Scorsese, 1976. Int: Robert De Niro, Jodie Foster, Harvey Keitel USA · VOSE · 4K · 113' Domingo 29/12 18:15","[{""cinema"": “phenomena"", ""title"": ""Taxi Driver (4K)"", ""original_title"": ""Taxi Driver"", ""director"": ""Martin Scorsese"", ""year_of_release"": 1976, ""screening_date"": ""2024-12-29"", ""screening_time"": ""18:15"", ""language"": ""VOSE"", ""price"": null, ""cast"": [""Robert De Niro"", ""Jodie Foster"", ""Harvey Keitel""]}]"
"The Brutalist (70 mm y DTS) The Brutalist Brady Corbet, 2024. Int: Adrien Brody, Felicity Jones, Guy Pearce USA/Reino Unido · VOSE · 215' Gran Estreno 17 Enero 2025","[{""cinema"": “phenomena"", ""title"": ""The Brutalist (70 mm y DTS)"", ""original_title"": ""The Brutalist"", ""director"": ""Brady Corbet"", ""year_of_release"": 2024, ""screening_date"": ""2025-01-17"", ""screening_time"": null, ""language"": ""VOSE"", ""price"": null, ""cast"": [""Adrien Brody"", ""Felicity Jones"", ""Guy Pearce""]}]"
"¡Olvídate de mí! Eternal Sunshine of the Spotless Mind Michel Gondry, 2004. Int: Jim Carrey, Kate Winslet, Kirsten Dunst, Mark Ruffalo USA · VOSE · 35mm · 108' Martes 24/12 15:15","[{""cinema"": “phenomena”, ""title"": ""¡Olvídate de mí!"", ""original_title"": ""Eternal Sunshine of the Spotless Mind"", ""director"": ""Michel Gondry"", ""year_of_release"": 2004, ""screening_date"": ""2024-12-24"", ""screening_time"": ""15:15"", ""language"": ""VOSE"", ""price"": null, ""cast"": [""Jim Carrey"", ""Kate Winslet"", ""Kirsten Dunst"", ""Mark Ruffalo""]}]"
Collateral (VOSE) Martes 24 Especial Navidad 16:00h,"[{""cinema"": ""malda"", ""title"": ""Marco"", ""original_title"": ""Marco"", ""director"": null, ""year_of_release"": null, ""screening_date"": ""2024-12-24"", ""screening_time"": ""12:00"", ""language"": ""VOE"", ""price"": null, ""cast"": []}]"
Escondidos en Brujas (VOSE) Martes 24 Especial Navidad 14:00h Pase Único!,"[{""cinema"": ""malda"", ""title"": ""Escondidos en Brujas"", ""original_title"": ""Escondidos en Brujas"", ""director"": null, ""year_of_release"": null, ""screening_date"": ""2024-12-24"", ""screening_time"": ""14:00"", ""language"": ""VOSE"", ""price"": null, ""cast"": []}]"
Collateral (VOSE) Martes 24 Especial Navidad 16:00h,"[{""cinema"": ""malda"", ""title"": ""Collateral"", ""original_title"": ""Collateral"", ""director"": null, ""year_of_release"": null, ""screening_date"": ""2024-12-24"", ""screening_time"": ""16:00"", ""language"": ""VOSE"", ""price"": null, ""cast"": []}]"
Los Fantasmas Atacan al Jefe (VOSE) Martes 24 Especial Navidad 18:15h Pase Único!,"[{""cinema"": ""malda"", ""title"": ""Los Fantasmas Atacan al Jefe"", ""original_title"": ""Los Fantasmas Atacan al Jefe"", ""director"": null, ""year_of_release"": null, ""screening_date"": ""2024-12-24"", ""screening_time"": ""18:15"", ""language"": ""VOSE"", ""price"": null, ""cast"": []}]"
El Apartamento (VOSE) Miércoles 25 Especial Navidad 18:20h Pase Único!,"[{""cinema"": ""malda"", ""title"": ""El Apartamento"", ""original_title"": ""El Apartamento"", ""director"": null, ""year_of_release"": null, ""screening_date"": ""2024-12-25"", ""screening_time"": ""18:20"", ""language"": ""VOSE"", ""price"": null, ""cast"": []}]"
La Infiltrada (VOE) Miércoles 25 20:30h,"[{""cinema"": ""malda"", ""title"": ""La Infiltrada"", ""original_title"": ""La Infiltrada"", ""director"": null, ""year_of_release"": null, ""screening_date"": ""2024-12-25"", ""screening_time"": ""20:30"", ""language"": ""VOE"", ""price"": null, ""cast"": []}]"
Cuando Cae el Otoño (VOSE) Jueves 26 18:30h,"[{""cinema"": ""malda"", ""title"": ""Cuando Cae el Otoño"", ""original_title"": ""Cuando Cae el Otoño"", ""director"": null, ""year_of_release"": null, ""screening_date"": ""2024-12-26"", ""screening_time"": ""18:30"", ""language"": ""VOSE"", ""price"": null, ""cast"": []}]"
"dimarts 24 17:00 il gatto a nove code el gat de les nou cues dario argento, 1971 dario argento","[{""cinema"": ""filmoteca"", ""title"": ""El Gat de les Nou Cues"", ""original_title"": ""El Gat de les Nou Cues"", ""director"": ""Dario Argento"", ""year_of_release"": 1971, ""screening_date"": ""2024-12-24"", ""screening_time"": ""17:00"", ""language"": null, ""price"": null, ""cast"": []}]"
"dimarts 24 torneranno i prati tornaran els prats ermanno olmi, 2014 ermanno olmi | mostra de cinema espiritual de catalunya","[{""cinema"": ""filmoteca"", ""title"": ""Tornaran els Prats"", ""original_title"": ""Tornaran els Prats"", ""director"": ""Ermanno Olmi"", ""year_of_release"": 2014, ""screening_date"": ""2024-12-24"", ""screening_time"": ""18:00"", ""language"": null, ""price"": null, ""cast"": []}]"
"divendres 27 profondo rosso roig fosc dario argento, 1975 dario argento","[{""cinema"": ""filmoteca"", ""title"": ""Roig Fosc"", ""original_title"": ""Roig Fosc"", ""director"": ""Dario Argento"", ""year_of_release"": 1975, ""screening_date"": ""2024-12-27"", ""screening_time"": ""20:00"", ""language"": null, ""price"": null, ""cast"": []}]"
"dissabte 28 17:00 the cameraman el hombre de la cámara edward sedgwick, 1928 filmoxica","[{""cinema"": ""filmoteca"", ""title"": ""El hombre de la cámara"", ""original_title"": ""El Noi de la Càmera"", ""director"": ""Edward Sedgwick"", ""year_of_release"": null, ""screening_date"": ""2024-12-28"", ""screening_time"": ""17:00"", ""language"": ""Muda amb intertítols en català"", ""price"": null, ""cast"": []}]"
"diumenge 29 17:00 peter pan herbert brenon, 1924 filmoxica","[{""cinema"": ""filmoteca"", ""title"": ""Peter Pan"", ""original_title"": ""Peter Pan"", ""director"": ""Herbert Brenon"", ""year_of_release"": 1924, ""screening_date"": ""2024-12-29"", ""screening_time"": ""17:00"", ""language"": null, ""price"": null, ""cast"": []}]"
